{
  "variants": [
    {
      "set": "Evidence",
      "n_features": 2,
      "features": [
        "depth_nan_ratio",
        "denoise_retained_ratio"
      ],
      "train_mae": 0.1449675751898663,
      "train_spearman": 0.7420954171112734,
      "train_pearson": 0.7769997851366249,
      "lolo_mae": 0.151581523982292,
      "lolo_spearman": 0.4260960555714326,
      "coef_abs": {
        "depth_nan_ratio": 0.05930403157849645,
        "denoise_retained_ratio": 0.30613467528029614
      },
      "alpha": 0.31622776601683794
    },
    {
      "set": "Coherence",
      "n_features": 6,
      "features": [
        "sam_fill_rate",
        "sam_ontology_divergence",
        "det_row_residual_px",
        "det_row_gated",
        "det_row_y_std",
        "phase_incoherence_deg"
      ],
      "train_mae": 0.11334044434521452,
      "train_spearman": 0.8246055802539283,
      "train_pearson": 0.8631548187396751,
      "lolo_mae": 0.5216641735840198,
      "lolo_spearman": 0.42399190863208486,
      "coef_abs": {
        "sam_fill_rate": 0.28040497378328216,
        "sam_ontology_divergence": 0.04057785088901611,
        "det_row_residual_px": 0.1543110682492739,
        "det_row_gated": 0.1471256002194758,
        "det_row_y_std": 0.023430215357448783,
        "phase_incoherence_deg": 0.01133364026853241
      },
      "alpha": 1.0
    },
    {
      "set": "Evidence+Coherence",
      "n_features": 8,
      "features": [
        "depth_nan_ratio",
        "denoise_retained_ratio",
        "sam_fill_rate",
        "sam_ontology_divergence",
        "det_row_residual_px",
        "det_row_gated",
        "det_row_y_std",
        "phase_incoherence_deg"
      ],
      "train_mae": 0.11314188263739706,
      "train_spearman": 0.8234817130115012,
      "train_pearson": 0.8638547426367232,
      "lolo_mae": 0.5335192994033991,
      "lolo_spearman": 0.39796112592173366,
      "coef_abs": {
        "depth_nan_ratio": 0.023579860184824754,
        "denoise_retained_ratio": 0.011926655580833799,
        "sam_fill_rate": 0.29207769359088315,
        "sam_ontology_divergence": 0.0419246407660966,
        "det_row_residual_px": 0.1529443524044483,
        "det_row_gated": 0.14724548309645227,
        "det_row_y_std": 0.023472900486935788,
        "phase_incoherence_deg": 0.008379102426919638
      },
      "alpha": 1.0
    },
    {
      "set": "loo_depth_nan_ratio",
      "n_features": 7,
      "features": [
        "denoise_retained_ratio",
        "sam_fill_rate",
        "sam_ontology_divergence",
        "det_row_residual_px",
        "det_row_gated",
        "det_row_y_std",
        "phase_incoherence_deg"
      ],
      "train_mae": 0.11330391479682253,
      "train_spearman": 0.8244633185776719,
      "train_pearson": 0.8634333664480153,
      "lolo_mae": 0.6110217936698253,
      "lolo_spearman": 0.28885201489084933,
      "coef_abs": {
        "denoise_retained_ratio": 0.007250830405568065,
        "sam_fill_rate": 0.2868560759767345,
        "sam_ontology_divergence": 0.03992928594070723,
        "det_row_residual_px": 0.1533400209534418,
        "det_row_gated": 0.14684300078314091,
        "det_row_y_std": 0.02359726113527562,
        "phase_incoherence_deg": 0.01064813820211706
      },
      "alpha": 1.0
    },
    {
      "set": "loo_denoise_retained_ratio",
      "n_features": 7,
      "features": [
        "depth_nan_ratio",
        "sam_fill_rate",
        "sam_ontology_divergence",
        "det_row_residual_px",
        "det_row_gated",
        "det_row_y_std",
        "phase_incoherence_deg"
      ],
      "train_mae": 0.11314340034372473,
      "train_spearman": 0.8247193895949337,
      "train_pearson": 0.8638949883394361,
      "lolo_mae": 0.5302082518985723,
      "lolo_spearman": 0.4049368517703252,
      "coef_abs": {
        "depth_nan_ratio": 0.015380043374079593,
        "sam_fill_rate": 0.2949397412845463,
        "sam_ontology_divergence": 0.04076047299272291,
        "det_row_residual_px": 0.15237781532279046,
        "det_row_gated": 0.14690060165902769,
        "det_row_y_std": 0.023637275348367986,
        "phase_incoherence_deg": 0.008671078112359898
      },
      "alpha": 1.0
    },
    {
      "set": "loo_sam_fill_rate",
      "n_features": 7,
      "features": [
        "depth_nan_ratio",
        "denoise_retained_ratio",
        "sam_ontology_divergence",
        "det_row_residual_px",
        "det_row_gated",
        "det_row_y_std",
        "phase_incoherence_deg"
      ],
      "train_mae": 0.12958409053807118,
      "train_spearman": 0.7994110373888792,
      "train_pearson": 0.8257109312171781,
      "lolo_mae": 0.44060359575309843,
      "lolo_spearman": 0.36722838176605577,
      "coef_abs": {
        "depth_nan_ratio": 0.09276137361291117,
        "denoise_retained_ratio": 0.16106626147313466,
        "sam_ontology_divergence": 0.0219277169747822,
        "det_row_residual_px": 0.19271620133324355,
        "det_row_gated": 0.15908450083421136,
        "det_row_y_std": 0.037261084740072004,
        "phase_incoherence_deg": 0.019081710540029634
      },
      "alpha": 1.0
    },
    {
      "set": "loo_sam_ontology_divergence",
      "n_features": 7,
      "features": [
        "depth_nan_ratio",
        "denoise_retained_ratio",
        "sam_fill_rate",
        "det_row_residual_px",
        "det_row_gated",
        "det_row_y_std",
        "phase_incoherence_deg"
      ],
      "train_mae": 0.1140101814801314,
      "train_spearman": 0.8225427859482073,
      "train_pearson": 0.8597259776729393,
      "lolo_mae": 0.6407234807492163,
      "lolo_spearman": 0.2853783348562748,
      "coef_abs": {
        "depth_nan_ratio": 0.005440257590502557,
        "denoise_retained_ratio": 0.027672154144632838,
        "sam_fill_rate": 0.27902459476619823,
        "det_row_residual_px": 0.15008870853055484,
        "det_row_gated": 0.14452134833064118,
        "det_row_y_std": 0.005914538009686068,
        "phase_incoherence_deg": 0.013338347364883082
      },
      "alpha": 1.0
    },
    {
      "set": "loo_det_row_residual_px",
      "n_features": 7,
      "features": [
        "depth_nan_ratio",
        "denoise_retained_ratio",
        "sam_fill_rate",
        "sam_ontology_divergence",
        "det_row_gated",
        "det_row_y_std",
        "phase_incoherence_deg"
      ],
      "train_mae": 0.1228203437670326,
      "train_spearman": 0.7913448003451283,
      "train_pearson": 0.8442651357170317,
      "lolo_mae": 0.5208727528510119,
      "lolo_spearman": 0.39752794420200227,
      "coef_abs": {
        "depth_nan_ratio": 0.03221049093178099,
        "denoise_retained_ratio": 0.01697527615232055,
        "sam_fill_rate": 0.3310143080091383,
        "sam_ontology_divergence": 0.03764175967821065,
        "det_row_gated": 0.00902287605246254,
        "det_row_y_std": 0.01750362913911159,
        "phase_incoherence_deg": 0.009684848989110872
      },
      "alpha": 1.0
    },
    {
      "set": "loo_det_row_gated",
      "n_features": 7,
      "features": [
        "depth_nan_ratio",
        "denoise_retained_ratio",
        "sam_fill_rate",
        "sam_ontology_divergence",
        "det_row_residual_px",
        "det_row_y_std",
        "phase_incoherence_deg"
      ],
      "train_mae": 0.12272009955280166,
      "train_spearman": 0.7817136848625545,
      "train_pearson": 0.8440415376477289,
      "lolo_mae": 0.41378291583272064,
      "lolo_spearman": 0.39796112592173366,
      "coef_abs": {
        "depth_nan_ratio": 0.015082664819934255,
        "denoise_retained_ratio": 0.00510222684644375,
        "sam_fill_rate": 0.30329570490806307,
        "sam_ontology_divergence": 0.03797026116807674,
        "det_row_residual_px": 0.019162600989947716,
        "det_row_y_std": 0.017662880165858708,
        "phase_incoherence_deg": 0.002995943077288274
      },
      "alpha": 1.0
    },
    {
      "set": "loo_det_row_y_std",
      "n_features": 7,