{
  "feature_set": "B1+B2lean",
  "features": [
    "det_x_spacing_cv",
    "det_y_std",
    "det_ring_count_error",
    "sam_fill_rate",
    "sam_ring_completeness",
    "sam_segment_size_cv",
    "sam_ontology_divergence",
    "denoise_retained_ratio",
    "depth_nan_ratio",
    "det_real_detection_ratio",
    "det_fallback_ratio"
  ],
  "created_at": "2026-07-21T12:18:57.795393",
  "families": {
    "t1&2": {
      "train_cases": [
        "1-1",
        "2-1"
      ],
      "n_train_rows": 80,
      "model": {
        "scaler_mean": [
          0.0893340817273784,
          277.01176674054597,
          0.0,
          0.5795440320739301,
          0.9138888888888891,
          1.2731474121726598,
          0.22670322309861204,
          0.6075080972975817,
          0.2710892498107646,
          0.63875,
          0.36125
        ],
        "scaler_scale": [
          0.17149020215312205,
          164.4817942981062,
          1.0,
          0.28213930907713886,
          0.046398036356916875,
          0.10056843526709434,
          0.03511112688212889,
          0.29250509854856266,
          0.29971085186850466,
          0.24723154632853794,
          0.24723154632853792
        ],
        "coef": [
          0.018962493883912135,
          -0.012856719497692737,
          0.0,
          0.34592598290505006,
          -0.007916313210351134,
          -0.003114594071847776,
          0.026341223268491865,
          0.1276940726067206,
          0.18116824869265336,
          0.019236196499910374,
          -0.019236196499911706
        ],
        "intercept": 0.5960125000000001,
        "alpha": 0.1,
        "features": [
          "det_x_spacing_cv",
          "det_y_std",
          "det_ring_count_error",
          "sam_fill_rate",
          "sam_ring_completeness",
          "sam_segment_size_cv",
          "sam_ontology_divergence",
          "denoise_retained_ratio",
          "depth_nan_ratio",
          "det_real_detection_ratio",
          "det_fallback_ratio"
        ],
        "n_train": 80,
        "train_mae": 0.04587664438118695,
        "train_spearman": 0.7871004914099551
      },
      "pooled_mae": 0.04587664438118695,
      "pooled_spearman": 0.7871004914099551,
      "alarm_threshold": 0.5624051935049567,
      "low_miou_floor": 0.66463
    },
    "t3": {
      "train_cases": [
        "3-1",
        "3-2"
      ],
      "n_train_rows": 72,
      "model": {
        "scaler_mean": [
          0.021604938271604965,
          1.8805907286712933,
          0.0,
          0.48563473011153935,
          0.9074074074074076,
          0.733349497869709,
          0.27994184877693107,
          0.5813552247134494,
          0.33234933473133066,
          0.12083333333333332,
          0.8791666666666667
        ],
        "scaler_scale": [
          0.1278165385237571,
          5.058572086242912,
          1.0,
          0.23873295923343868,
          0.04140866624999612,
          0.1457235992097714,
          0.08622290475937998,
          0.26027394762249095,
          0.2694545049547034,
          0.2356654290396545,
          0.2356654290396545
        ],
        "coef": [
          0.01042319201730349,
          -0.02222610092669261,
          0.0,
          0.17559991946447587,
          0.009160385625042011,
          0.021010215845861435,
          0.013104142789894968,
          0.06424189806848701,
          0.049672149078165334,
          0.0512521822980802,
          -0.05125218229808023
        ],
        "intercept": 0.39115277777777785,
        "alpha": 3.1622776601683795,
        "features": [
          "det_x_spacing_cv",
          "det_y_std",
          "det_ring_count_error",
          "sam_fill_rate",
          "sam_ring_completeness",
          "sam_segment_size_cv",
          "sam_ontology_divergence",
          "denoise_retained_ratio",
          "depth_nan_ratio",
          "det_real_detection_ratio",
          "det_fallback_ratio"
        ],
        "n_train": 72,
        "train_mae": 0.1253170948079365,
        "train_spearman": 0.7743797542493619
      },
      "pooled_mae": 0.1253170948079365,
      "pooled_spearman": 0.7743797542493619,
      "alarm_threshold": 0.15972106423876292,
      "low_miou_floor": 0.14723999999999998
    },
    "t4&5": {
      "train_cases": [
        "4-1",
        "5-1"
      ],
      "n_train_rows": 73,
      "model": {
        "scaler_mean": [
          0.027934664171799333,
          904.8427675991412,
          0.0,
          0.5837397194007183,
          1.0,
          1.1400573091713309,
          0.14669073619231743,
          0.5923271310528553,
          0.3712675606204905,
          0.39178082191780816,
          0.6082191780821918
        ],
        "scaler_scale": [
          0.10845050236410785,
          501.0404983878028,
          1.0,
          0.2735363176942919,
          1.0,
          0.14899361258640245,
          0.05706731618494972,
          0.2773148004574577,
          0.2709648478714145,
          0.25629254723691725,
          0.25629254723691725
        ],
        "coef": [
          -0.01851241310889424,
          0.05247514026184634,
          0.0,
          0.15265375830943295,
          0.0,
          -0.047148130329908965,
          0.048150496017035145,
          0.1745122761142273,
          0.20385522189848465,
          0.0664367998289106,
          -0.06643679982891261
        ],
        "intercept": 0.5134520547945205,
        "alpha": 0.01778279410038923,
        "features": [
          "det_x_spacing_cv",
          "det_y_std",
          "det_ring_count_error",
          "sam_fill_rate",
          "sam_ring_completeness",
          "sam_segment_size_cv",
          "sam_ontology_divergence",
          "denoise_retained_ratio",
          "depth_nan_ratio",
          "det_real_detection_ratio",
          "det_fallback_ratio"
        ],
        "n_train": 73,
        "train_mae": 0.017253515391444287,
        "train_spearman": 0.9463644900632582
      },
      "pooled_mae": 0.017253515391444287,
      "pooled_spearman": 0.9463644900632582,
      "alarm_threshold": 0.4596986465657858,
      "low_miou_floor": 0.59628
    }
  },
  "unified": {
    "n_train_rows": 225,
    "features": [
      "det_x_spacing_cv",
      "det_y_std",
      "det_ring_count_error",
      "sam_fill_rate",
      "sam_ring_completeness",
      "sam_segment_size_cv",
      "sam_ontology_divergence",
      "denoise_retained_ratio",
      "depth_nan_ratio",
      "det_real_detection_ratio",
      "det_fallback_ratio",
      "fam_t12",
      "fam_t3",
      "fam_t45"
    ],
    "model": {
      "scaler_mean": [
        0.04774005590349858,
        392.66607069531256,
        0.0,
        0.5508543228897674,
        0.9397530864197532,
        1.0572317350663958,
        0.21777997645274297,
        0.5942137979112593,
        0.3231947733813901,
        0.3928888888888889,
        0.6071111111111112,
        0.35555555555555557,
        0.32,
        0.3244444444444444
      ],
      "scaler_scale": [
        0.14304294763302192,
        479.385587469638,
        1.0,
        0.2698542898853333,
        0.05535712161023716,
        0.2645056762264491,
        0.0823310536685623,
        0.2777885656081333,
        0.28413985425642657,
        0.3255670077621654,
        0.32556700776216546,
        0.47868131618973375,
        0.46647615158762396,
        0.46816690070270905
      ],
      "coef": [
        -0.0004123176609175489,
        0.007239372811234751,
        0.0,
        0.22626411084000791,
        -0.034400774974298984,
        0.0010533365845954287,
        0.01918181403454645,
        0.14882493534925706,
        0.1794293347813636,
        0.05913318154863511,
        -0.0591331815486371,
        -0.006034499744601405,
        0.006704749098431803,
        -0.0005105087013764466
      ],
      "intercept": 0.503671111111111,
      "alpha": 0.5623413251903491,