{
  "feature_set": "B1+B2lean",
  "features": [
    "det_x_spacing_cv",
    "det_y_std",
    "det_ring_count_error",
    "sam_fill_rate",
    "sam_ring_completeness",
    "sam_segment_size_cv",
    "sam_ontology_divergence",
    "denoise_retained_ratio",
    "depth_nan_ratio",
    "det_real_detection_ratio",
    "det_fallback_ratio"
  ],
  "created_at": "2026-07-20T12:02:10.306328",
  "families": {
    "t1&2": {
      "train_cases": [
        "1-1",
        "2-1"
      ],
      "n_train_rows": 80,
      "model": {
        "scaler_mean": [
          0.0893340817273784,
          277.01176674054597,
          0.0,
          0.5795440320739301,
          0.9138888888888891,
          1.2731474121726598,
          0.22670322309861204,
          0.6075080972975817,
          0.2710892498107646,
          0.63875,
          0.36125
        ],
        "scaler_scale": [
          0.17149020215312205,
          164.4817942981062,
          1.0,
          0.2821393090771388,
          0.046398036356916875,
          0.10056843526709433,
          0.03511112688212889,
          0.29250509854856266,
          0.29971085186850466,
          0.24723154632853794,
          0.24723154632853792
        ],
        "coef": [
          0.018962493883942777,
          -0.012856719497668756,
          0.0,
          0.34592598290498433,
          -0.007916313210235781,
          -0.003114594071846888,
          0.02634122326851207,
          0.12769407260665533,
          0.18116824869272397,
          0.019236196499863745,
          -0.01923619649986419
        ],
        "intercept": 0.5960125,
        "alpha": 0.1,
        "features": [
          "det_x_spacing_cv",
          "det_y_std",
          "det_ring_count_error",
          "sam_fill_rate",
          "sam_ring_completeness",
          "sam_segment_size_cv",
          "sam_ontology_divergence",
          "denoise_retained_ratio",
          "depth_nan_ratio",
          "det_real_detection_ratio",
          "det_fallback_ratio"
        ],
        "n_train": 80,
        "train_mae": 0.045876644381214624,
        "train_spearman": 0.7871004914099551
      },
      "leave_one_tunnel_out": [
        {
          "held_out_case": "1-1",
          "n_train": 40,
          "n_test": 40,
          "mae": 0.07596495487258761,
          "spearman": 0.704761924152082
        },
        {
          "held_out_case": "2-1",
          "n_train": 40,
          "n_test": 40,
          "mae": 0.07439332213290886,
          "spearman": 0.7212577049412854
        }
      ],
      "pooled_mae": 0.07517913850274824,
      "pooled_spearman": 0.8140624110191964,
      "pooled_source": "leave_one_tunnel",
      "alarm_threshold": 0.6938405257209441,
      "low_miou_floor": 0.66463
    },
    "t3": {
      "train_cases": [
        "3-1",
        "3-2"
      ],
      "n_train_rows": 72,
      "model": {
        "scaler_mean": [
          0.021604938271604965,
          1.8805907286712933,
          0.0,
          0.48563473011153935,
          0.9074074074074076,
          0.733349497869709,
          0.2799418487769311,
          0.5813552247134494,
          0.33234933473133066,
          0.12083333333333332,
          0.8791666666666667
        ],
        "scaler_scale": [
          0.1278165385237571,
          5.058572086242912,
          1.0,
          0.23873295923343868,
          0.04140866624999612,
          0.14572359920977138,
          0.08622290475937998,
          0.26027394762249095,
          0.2694545049547034,
          0.2356654290396545,
          0.2356654290396545
        ],
        "coef": [
          0.01042319201730442,
          -0.022226100926691084,
          0.0,
          0.17559991946447154,
          0.009160385625047729,
          0.02101021584586643,
          0.01310414278989952,
          0.06424189806848254,
          0.049672149078170136,
          0.05125218229807693,
          -0.051252182298076925
        ],
        "intercept": 0.39115277777777785,
        "alpha": 3.1622776601683795,
        "features": [
          "det_x_spacing_cv",
          "det_y_std",
          "det_ring_count_error",
          "sam_fill_rate",
          "sam_ring_completeness",
          "sam_segment_size_cv",
          "sam_ontology_divergence",
          "denoise_retained_ratio",
          "depth_nan_ratio",
          "det_real_detection_ratio",
          "det_fallback_ratio"
        ],
        "n_train": 72,
        "train_mae": 0.12531709480793995,
        "train_spearman": 0.7743797542493619
      },
      "leave_one_tunnel_out": [
        {
          "held_out_case": "3-1",
          "n_train": 37,
          "n_test": 35,
          "mae": 0.28136041830483577,
          "spearman": 0.5132731079204116
        },
        {
          "held_out_case": "3-2",
          "n_train": 35,
          "n_test": 37,
          "mae": 0.0989886707424655,
          "spearman": 0.885832845584986
        }
      ],
      "pooled_mae": 0.18764160358528437,
      "pooled_spearman": 0.560352451892408,
      "pooled_source": "leave_one_tunnel",
      "alarm_threshold": 0.23127810088084869,
      "low_miou_floor": 0.14723999999999998
    },
    "t4&5": {
      "train_cases": [
        "4-1",
        "5-1"
      ],
      "n_train_rows": 73,
      "model": {
        "scaler_mean": [
          0.027934664171799333,
          904.8427675991412,
          0.0,
          0.5837397194007183,
          1.0,
          1.1400573091713309,
          0.14669073619231743,
          0.5923271310528553,
          0.3712675606204905,
          0.39178082191780816,
          0.6082191780821918
        ],
        "scaler_scale": [
          0.10845050236410785,
          501.0404983878028,
          1.0,
          0.2735363176942919,
          1.0,
          0.14899361258640245,
          0.057067316184949715,
          0.2773148004574577,
          0.2709648478714145,
          0.25629254723691725,
          0.25629254723691725
        ],
        "coef": [
          -0.018512413109045646,
          0.05247514026109817,
          0.0,
          0.1526537583087346,
          0.0,
          -0.04714813032971954,
          0.0481504960174996,
          0.17451227611353054,
          0.20385522189920102,
          0.06643679982822992,
          -0.06643679982823195
        ],
        "intercept": 0.5134520547945205,
        "alpha": 0.01778279410038923,
        "features": [
          "det_x_spacing_cv",
          "det_y_std",
          "det_ring_count_error",
          "sam_fill_rate",
          "sam_ring_completeness",
          "sam_segment_size_cv",
          "sam_ontology_divergence",
          "denoise_retained_ratio",
          "depth_nan_ratio",
          "det_real_detection_ratio",
          "det_fallback_ratio"
        ],
        "n_train": 73,
        "train_mae": 0.017253515391812566,
        "train_spearman": 0.9463644900632582
      },
      "leave_one_tunnel_out": [
        {
          "held_out_case": "4-1",
          "n_train": 33,
          "n_test": 40,
          "mae": 0.05924923814933995,
          "spearman": 0.799662260823345
        },
        {
          "held_out_case": "5-1",
          "n_train": 40,
          "n_test": 33,
          "mae": 0.11933772091555071,
          "spearman": 0.9281834212206571
        }
      ],
      "pooled_mae": 0.08641252487927086,
      "pooled_spearman": 0.9318095480576859,
      "pooled_source": "leave_one_tunnel",
      "alarm_threshold": 0.5635400177917578,
      "low_miou_floor": 0.59628
    }
  }
}
